Var1,Freq
food processing,43
Food chemistry,31
molecular biology,26
Biochemistry,26
Biotechnology,25
Food engineering,17
Food microorganism,16
aquaculture,15
food analysis,14
microbiology,12
Nutrition,11
Biodiversity,10
organism count,10
virology,10
Immunology,9
Plant biotechnology,9
biology,8
Healthy food,8
Food biotechnology,8
Food hygiene safety,8
Animal nutrition,8
Cell Biology,8
Molecular Biology,7
Crop breeding,7
Food analysis and inspection,7
Plant pathology,7
Plant Tissue Culture,7
microorganism,7
Pest management,7
analytical chemistry,6
Aquaculture,6
Biostatistics,6
Physiology,6
Proteomics,6
Physiology of plants,6
Plant physiology,6
Horticultural crop physiology,6
Avian disease,6
Applied microorganism,6
Small animal disease,5
Molecular virology,5
Molecular cell,5
Aquatic processing,5
Yulin,5
Health food research and development,5
Food Additives,5
Food hygiene and safety,5
Food inspection analysis,5
Genetic Engineering,5
Genomics,5
Forest ecology,5
Plant virology,5
Fishery biology,5
Fishery management,5
Grain processing,5
Tree science,5
Functional food,5
Genetics,5
Food hygiene management,5
Biochemical engineering,4
Biological information,4
Geographic information system,4
Marketing management,4
Crop physiology,4
Crop science,4
Insect ecology,4
entomology,4
Fruit tree,4
Food packaging,4
food safety,4
Food sensory evaluation,4
Food nutrition,4
Baked goods,4
statistics,4
Protein engineering,4
Fish science,4
Forest management,4
Forest resource conservation,4
Instrumental Analysis,4
Vegetable breeding,4
Vegetable cultivation,4
Pig disease,4
Clinical pathology,4
Algae,4
Chinese Dim Sum Making,3
Molecular plant pathology,3
Molecular genetics,3
Wood chemistry,3
Biological control,3
Bioinformatics,3
Ecology,3
Ecological conservation,3
Ecology,3
Business management,3
Organic chemistry,3
organic agriculture,3
Crop stress physiology,3
Forestry economy,3
Health food development,3
Food factory management,3
Food processing,3
Food nanotechnology,3
Food rheology,3
Food technology,3
Poultry,3
Marine ecology,3
Baking,3
Baking,3
Pathology,3
Mycology,3
Neuroscience,3
Animal welfare,3
Parasitology,3
Facility gardening,3
Anesthesiology,3
Landscape Planning,3
Plant classification,3
Plant taxonomy,3
Plant ecology,3
plant protection,3
Plant pathology,3
Plant gene transfer,3
Plant reproduction,3
Invertebrates,3
Developmental Biology,3
Fermentation technology,3
Microbial fermentation,3
New products development,3
Thrift,3
Tumor biology,3
Test design,3
Fishing gear fishing method,3
Fisheries science,3
Seedling reproduction,3
Enzyme chemistry,3
Enzyme kinetics,3
Feed organism,3
human resource Management,2
Human and animal common infectious diseases,2
Large animal disease,2
Small animal internal medicine,2
Small animal infectious disease,2
Factory management,2
Chinese rice,2
Chinese pasta processing,2
Endocrinology,2
Molecular endocrine,2
Molecular breeding,2
Molecular cell biology,2
Ruminant nutrition,2
Natural chemical,2
timber processing,2
Physical use of wood,2
Comparative physiology,2
Aquatic Chemistry,2
Water production physiology,2
Water production feed nutrition,2
Aquatic biology,2
Water production science,2
Aquatic animal disease,2
Aquatic management,2
Aquatic resources,2
Aquatic reproduction,2
Water Quality Analysis,2
Functional genomics,2
Marketing,2
Biochemical metabolism,2
Biotechnology,2
biomaterials,2
Biological composite,2
Reproduction physiology,2
Eco-tourism,2
Biomass energy technology,2
Biomedical materials,2
Crustacean,2
Recreational fishery,2
Leisure management,2
Crop science,2
Crop cultivation,2
Crop genetics and breeding,2
Breeding,2
Nanomaterial,2
Nanotechnology,2
Insect ecology,2
Forest breeding,2
Fruit tree physiology and cultivation,2
Flower breeding,2
Flower cultivation,2
Flower science,2
toxicology,2
Epidemiology,2
Vaccinology,2
Food analysis and inspection,2
Food processing engineering,2
Food processing technology,2
Food safety risk assessment,2
Food safety and hygiene,2
Food regulations,2
Food logistics management,2
Food poison,2
Food toxicology,2
Food science and technology,2
Food microbiology,2
Food instrument analysis,2
food sanitation,2
Food Hygiene Safety and Regulations,2
Food hygiene management,2
Aroma chemistry,2
Livestock anatomy and physiology,2
Poultry breeding,2
Cultivated fishery,2
Marine biotechnology,2
Marine ecology,2
Baking pastry cake bread,2
Livestock processing,2
Fungal diversity,2
Tea school,2
Lawn management,2
Financial Management,2
Animal reproductive physiology,2
Animal breeding,2
Animal virology,2
Animal product processing and utilization,2
Animal product utilization,2
zoology,2
Animal nutrition,2
Special Trends in International Agricultural Development,2
Gene regulation,2
Gene transfer,2
Educational administration,2
Ethnic inheritance,2
product development,2
Cell and molecular biology,2
Bacteriology,2
Histology,2
Calculations,2
Cake implementation,2
Gardening,2
Fish disease,2
Fish reproductive endocrine,2
Landscape Design,2
Forest soil,2
Forest ecology,2
Forest survey,2
Planting and breeding,2
Plant molecular biology,2
Botany,2
Plant biochemistry,2
Plant epidemiology,2
Plant pathogenic bacteriology,2
Plant tissue culture,2
botany,2
Plant genetic engineering,2
Plant nutrition,2
Plant propagation technology,2
Fermentation Engineering,2
Fermented food,2
Horticultural crop physiology,2
Horticultural crop genetics and breeding,2
Horticultural technology,2
Horticultural treatment,2
Stem cell science,2
Microbiology and immunology,2
Microbial biotechnology,2
Microbiological testing technology,2
Novel processing technology,2
Anatomical anatomy,2
anatomy,2
Farm management,2
Farmland product processing,2
Agricultural policy,2
Agronomy - biostatistics and experimental design,2
Feed additive,2
Experimental zoology,2
Seed production,2
Pulp and paper,2
Remote sensing,2
Enzyme,2
Waste treatment,2
Quantitative inheritance,2
Quantitative genetics,2
Box net breeding,2
Nematode,2
Fruit and vegetable processing,2
Physiology of vegetables,2
Vegetable science,2
Breeding project,2
Evaluation of the efficacy of functional foods,2
Affinity geography,2
Catering business planning,2
Nutritional biochemistry,2
Nutritional immunology,2
Nutritional assessment,2
Nutritional medicine,2
Environmental chemistry,2
Environmental education,2
Environmental commentary,2
Cancer biology,2
Weed management,2
veterinary,2
Veterinary public health,2
Veterinary physiology,2
Veterinary virology,2
Veterinary pathology,2
Veterinary diagnostic pathology,2
Veterinary anatomy,2
Introduction to Veterinary Medicine,2
Veterinary pharmacology,2
Medicinal chemistry,2
Bread making,2
Brewing technology,2
2007-Microbial Fermentation Technology,1
Biochemistry,1
CT,1
DNA fingerprinting,1
Function assay and safety assessment,1
HACCP,1
Immunology,1
Pest Management,1
Physiology,1
RIA,1
TOEIC,1
general surgey,1
Secondary metabolite extraction,1
Artificial floating reef,1
Artificial insemination,1
Artificial reef planning and verification,1
Artificial intelligence and expert system,1
Artificial seed,1
Common animal disease,1
Human and animal common infectious epidemiology,1
Human disease animal model research,1
Human nutrition,1
Land resource survey and assessment,1
Soil engineering planning and design,1
Soil analysis and diagnosis,1
Soil cultivation and classification,1
Soil chemistry,1
Soil and environmental chemistry,1
Soil pollution survey,1
Soil physics,1
Soil fertilizer,1
Soil and fertilizer analysis,1
Soil nutrient cycling,1
"Big animal disease, livestock reproductive disorders, immunology",1
Large animal reproduction,1
Small molecule and protein mechanism,1
Small animal,1
Small animal dermatology,1
Small animal high-level imaging diagnosis,1
Small animal ophthalmology,1
Small animal tooth science,1
Small animal medical,1
Quality analysis of wheat and flour,1
engineering,1
Reuse of industrial production waste,1
Industrial microorganism,1
Industrial microbiology,1
Factory planning management,1
Factory operation and quality control,1
Factory hygiene management,1
Chinese rice processing,1
Chinese rice noodles,1
Chinese dim sum,1
Chinese pasta theory and practice,1
Chinese and Western baking pastry research and development,1
Chinese and Western cuisine,1
Chinese and Western food practice teaching,1
Chinese herbal medicine production and utilization,1
Chinese herbal medicine inhibits cancer cell proliferation and invasion,1
Study on the anti-viral machine transfer of Chinese herbal medicine,1
Chinese herbal medicine activity and chemistry,1
Chinese herbal plant tissue culture,1
Chinese cuisine,1
Chinese practice teaching,1
Production teaching such as Chinese food production,1
midpoint,1
Chinese medicine research and development,1
Chinese medicine micronization,1
Chinese medicine pharmacology,1
Chinese medicine pharmacology,1
endocrine,1
Endocrine anatomy,1
Endogenous regulation,1
Internal Medicine,1
Endoscopy,1
Company,1
Public health,1
Public health nutrition,1
Molecular endocrinology,1
Molecular biology and biotechnology,1
Molecular biotechnology,1
Molecular biological manipulation,1
Molecular ecology,1
Molecular ecology,1
Molecular disease resistance breeding,1
Molecular cell biology,1
Molecular bacteriology,1
Molecular microbiology,1
Molecular evolution,1
Molecular chemistry,1
Molecular assisted breeding,1
Molecular marker technology,1
Molecular marker-assisted breeding method,1
Molecular selection,1
Molecular inheritance,1
Molecular genetics,1
Molecular detection,1
Molecular detection technology,1
Development and application of molecular detection and protein labeling,1
Molecular nutrition,1
Minute,1
Meridian and biochemical technology,1
Fractional technology,1
Analytical toxicology,1
Slice technique and developmental morphology,1
Cut flower crop,1
Chemical plant,1
Chemical and Biotechnology Engineering,1
Cosmetics research and development,1
And systematic biology research,1
Ruminant physiology,1
Ruminant diet assessment,1
Ruminant nutrition,1
Separation and purification of natural compounds,1
Natural biological resources application,1
Development of natural antibacterial substances,1
Natural matter separation,1
Structural modification of natural objects,1
Natural products against atherosclerosis,1
Development of natural physical function,1
Study on Physiological Efficacy of Natural Food Extracts,1
Natural product chemistry,1
Natural drug development,1
Cardiovascular neurophysiology,1
Outdoor environmental education,1
Cultural asset preservation,1
Japanese in Taiwanese literature,1
Japanese,1
Japanese language education,1
History of the development of Taiji Taichung,1
Japanese rule of Taiwan history,1
Principle and manufacture of wood bamboo instruments,1
Wood improvement,1
Wood properties,1
Wood physics,1
Wood preservation and painting,1
Wood structure,1
Wood coating and painting,1
Wood and natural chemistry,1
Wood gluing and processing and improvement,1
Wood glue,1
Wood identification,1
Wood construction design,1
Chemical modification of wood materials,1
Wood material properties and processing,1
Non-destructive testing of wood materials,1
Wood environment,1
Comparative politics,1
Soil and water conservation,1
Soil and water conservation project,1
Water chemistry,1
Application of aquatic biotechnology,1
Aquatic physiology,1
Aquatic insect,1
Aquatic animal disease clinic,1
Clinical diagnosis and treatment of aquatic animal diseases,1
Aquatic invertebrates,1
Water pollution biology,1
Water ecology,1
Aquatic physiology and immunity,1
Aquatic disease prevention,1
Aqua nutrition,1
Aqua nutrition and feed,1
Aquatic molecular immunity and inheritance,1
Aquatic processing chemistry,1
Water production technology,1
Water production technology application,1
Aquatic nutrient physiology,1
Aquatic marketing,1
Aquatic product safety and hygiene,1
Aquatic product marketing,1
Aquatic product safety,1
Aquatic product nutrition,1
Aquatic vaccine development,1
Aquatic ocean,1
Aquatic disease,1
Aquatic pathology,1
Development and utilization of aquatic probiotics,1
Aquatic animal physiology,1
Aquatic animal disease physiology,1
Aquatic animal bacteriology,1
Aquatic animal histopathology,1
Aquatic animal nutrition feed,1
Aquatic feed,1
Aquatic feed science,1
Aquatic enzyme,1
Aquaculture biotechnology,1
Aquaculture management,1
Aquatic functional product development,1
Aquaculture Electromechanical and Automation,1
Aquatic nutrition,1
Aquatic breeding technology,1
Aquaculture breeding technology internship,1
Aquatic insect,1
Aquatic insect ecology and classification,1
Rice defense and disease resistance mechanism,1
Nitrogen message regulation in rice,1
Rice stress physiology,1
Water quality,1
Development of fire explosives,1
Dragon fruit,1
Cattle reproductive disorder,1
Antrodia camphorata,1
Canine rehabilitation medicine,1
Dog and cat behavior,1
Larval resource science,1
Juvenile fish ecology,1
Metabolic physiology,1
Biochemical mechanism of metabolic syndrome,1
Metabiology,1
And bee venom research of tiger head bees and bees,1
Biotechnology and Bioinformatics expertise,1
Functional polymer,1
Functional genomic research,1
Functional genomic study,1
Functional protein body,1
Functional proteomics,1
Semiconductor process,1
Production and application of hemicellulolytic enzymes,1
Virus removal technology,1
Classics,1
Monumental termite control,1
Taiwan Classical Literature,1
Surgery,1
Marketing economy,1
Sustainable ecosystem management,1
Sustainable ecological community,1
Sustainable agriculture,1
Perpetual fishery,1
Biochemistry,1
Biochemical engineering,1
Biochemical molecular nutrition,1
Biochemical analysis,1
Biochemistry and molecular biology,1
Biochemical technology,1
Biochemical process,1
Biochemistry,1
Biochemical nutrition,1
Myogenic effect,1
Life research,1
biological,1
Biochemical engineering,1
Biochemical molecular virology,1
Biochemical analysis,1
Biogeochemistry,1
Biodiversity research,1
Bioorganic chemistry,1
Biotechnology and Cell Biology,1
Biotechnology research,1
Biotechnology testing services and practices,1
Biomaterial mechanics,1
Biomaterial processing,1
Biological material degradation,1
Biomaterial utilization,1
Biomaterial physics,1
Biomaterial development,1
Biomaterial Science and Engineering,1
Structural Mechanics Analysis of Biomaterials and Numerical Simulation Analysis of Finite Elements in Biomaterials,1
Biological molecular separation,1
Biopolymer,1
Biological Technology,1
Biology,1
Biological oceanography,1
Bioenergy,1
Bioenergetics,1
Bioalcohol,1
Biopolymer,1
Biological gene statistics,1
Biological industry machinery,1
Biostatistics and experimental design,1
Biometric internship,1
Biostatistics and experimental design,1
Biostatistics and epidemiology,1
Biochip design and development,1
Biological program engineering design and integration assessment,1
Biological sensing,1
Biosensor,1
Biological resources,1
Biological resource chemistry,1
Biological resource application,1
Biological path and network analysis,1
Bioelectron microscopy,1
Biopolymer,1
Biology and its sustainable use,1
Biological experiment,1
Biological assay technology,1
Biotransformation technology development,1
Biomedical and Food Science,1
Biomass metal analysis,1
Application of auxin in fruit trees,1
Physiological pharmacology,1
Reproductive physiology,1
Reproductive technology,1
Reproductive regulation,1
Ecological anthropology,1
Ecological community,1
Ecotoxicology,1
Ecological statistics,1
Ecological statistics and modeling,1
Ecology and conservation,1
Ecological simulation,1
Ecological theory and application,1
Ecology and ecological model,1
Ecological sightseeing,1
Biomaterial application and preservation,1
Biomass energy,1
Biomass energy,1
Vital diet,1
Vital agriculture,1
Fresh processing,1
Pharmacy,1
Classification of insect systems such as hibiscus and evolution of scorpion insects by multi-layer features,1
Dermatology,1
Grouper breeding,1
Leisure food development,1
Leisure recreation plan,1
Leisure Recreation Planning and Research,1
Leisure recreation management,1
Leisure diving,1
Photometric and electron microscopic analysis,1
Photoresist,1
Global climate change,1
Global change and environmental impact,1
Regenerative medicine,1
Isotope technique,1
regression analysis,1
Surface change technology and research,1
Geochemistry,1
Field and regional geology of earth science,1
Landscape conservation,1
Earthquake disaster prevention,1
Polysaccharide activity and structure,1
cost analysis,1
Utilization and development of beneficial microorganisms,1
Organic natural chemical,1
Organic Synthesis,1
Organic crop cultivation,1
Organic cultivation,1
Organic Agricultural Products Certification,1
Submicron emulsification system,1
Contaminated organism,1
Pollution Prevention,1
Environmental fate study of pollutants,1
Examination literature,1
Otolithology,1
Meat processing,1
Meat processing and research and development,1
Meat processing,1
Meat hygiene and quality control,1
Muscle protein growth control,1
Autonomous health management,1
Nature Center Management,1
Physical geography,1
Physical geography,1
Nature reserve management,1
Natural resource conservation,1
Natural resource economy and policy analysis,1
Natural resources recreation,1
Natural resource management,1
Natural resource survey and conservation,1
Natural environment resource management and planning,1
Blood biochemistry,1
Behavioral ecology,1
Marketing,1
Marketing plan,1
Marketing,1
Western-style snacks,1
pastry,1
West Point Baking,1
West Point Bread Cake,1
Companion zoology,1
Companion animal nutrition,1
Place cell,1
Low caffeine coffee processing,1
Cryogenic biology,1
Low temperature food,1
Crop molecular biology,1
Crop molecular breeding,1
Crop molecular genetics,1
Crop moisture,1
Crop water physiology and irrigation technology,1
Crop functional genomics,1
Crop physiology and biochemistry,1
Crop physiology,1
Crop production,1
Crop production technology,1
Crop production and environmental studies on the relationship between crop cultivation and environment,1
Crop ecotoxicology,1
Crop diversification,1
Crop disease resistance breeding,1
Crop disease resistance breeding,1
Crop breeding and internship,1
Crop breeding and inheritance,1
Crop heat physiology,1
Development of crop disease integrated management technology,1
Crop stress,1
Selection and analysis of crop genes,1
Crop genetic modification,1
Crop gene transfer,1
Crop genomics,1
Crop inheritance,1
Recent studies in crop genetics and breeding will explore the genetic mechanisms of agronomic traits and the selection of crops,1
Homework research,1
Immunotoxicology,1
"Immunogenetics, etc.",1
Immunopharmacology,1
Frozen biology,1
Frozen food processing,1
Molecular genetics,1
Control pests with baculovirus or natural enemies,1
Ready-to-eat meal development,1
Color biology,1
Disease-resistant soil research,1
Anti-aging and anti-cancer research,1
Oxidation resistance,1
Antifungal drug screening and development,1
Anti-inflammatory and anti-oxidative efficacy evaluation,1
Anti-inflammatory and anti-cancer assessment,1
Antibacterial substance development,1
Anticancer effect,1
Sedimentary petrology,1
Sedimentology,1
Deposition system,1
System/network research,1
Systematic taxonomy,1
Systems biology,1
System ecology,1
Hepatobiliary and pancreatic surgery,1
Yulin,1
Breeding test,1
Breeding,1
Development and production of bean paste filling,1
Bean processing,1
Bayesian statistics,1
Shellfish breeding and breeding,1
Physical assessment,1
Sand control project,1
Feeding management of dairy cows and beef cattle,1
Dairy production medicine,1
Dairy cow breast disease,1
Breast surgery,1
Dairy processing,1
Dairy processing,1
Dairy microorganism,1
Milk egg research,1
Dairy processing,1
Lactic acid bacteria,1
Lactic acid bacteria health function,1
Lactic acid bacteria health ingredients,1
Milk price assessment,1
Subtropical fruit tree,1
Supply Chain Management,1
Cross-strait relations,1
Amphibian and reptile research survey methodology,1
Amphibian ecology and conservation,1
Respiratory physiology,1
Introduction to coffee,1
Nano,1
Nano biotechnology,1
Nanotechnology,1
Nanotechnology and ecological education,1
Application of nano microemulsification preparation technology,1
Nanocellulose,1
Research and development of nanofibers and composite materials,1
Quantitative risk assessment,1
Species conservation in rocky areas,1
Idle speed detection reagent development,1
Trait map analysis,1
Radiology,1
Insect classification,1
Insect taxonomy,1
Insect Physiology,1
Insect physiology and biochemistry,1
Insect physiology,1
Insect diversity,1
Insect diversity and conservation,1
Insect form,1
Insect resistance,1
Insect System Taxonomy and Biodiversity and Conservation,1
Insect phylogeny,1
Insect system evolution,1
Insect pathology,1
Insect histology,1
Insect vector virus disease,1
Insect microbial ecology,1
Insect microbial pathogen development,1
Forest dynamics,1
Forest molecular inheritance,1
Molecular Mechanism and Genomics of Forest Wood Formation and Cell Differentiation,1
Forest physiology,1
Forest physiology,1
Forest ecological physiology research,1
Forest mycorrhiza,1
Forest mycorrhiza research,1
Forest Genetics and Breeding,1
Lin Zhengxue,1
Forest chemical utilization,1
Forest processing,1
Forest product processing and environmental pollution prevention,1
Forest product utilization chemistry,1
Forest science wood microbe,1
Forestry industry,1
Forestry statistics,1
Forestry data processing,1
Forestry,1
Fruit physiology,1
Physiology and treatment techniques after fruit harvesting,1
Fruit tree physiology,1
Fruit tree reproductive physiology,1
Fruit tree ecological physiology,1
Fruit cultivation physiology and ecological physiology,1
Fruit tree stress physiology,1
Fruit tree physiology,1
Fruit tree gardening,1
Physiological response of fruit trees to garden operations and cultivation management,1
Fruit tree,1
Fruit tree science and its cultivation management,1
Fruit tree reproduction technique,1
River Creek Ecology and Conservation,1
Oil chemistry,1
Oil processing and chemistry,1
Along the offshore fishery,1
Research along offshore fisheries and offshore fisheries,1
Lactation physiology and antioxidant research,1
Law and life,1
Regulations and the effects of trans fatty acids on nutrition,1
Law,1
Pasture management and practice,1
Logistics,1
Physical Chemistry,1
Community forestry,1
Community conservation,1
Community building,1
Social entomology,1
Air pollution detection and analysis,1
Spatial statistics,1
Spatial data processing,1
Spatial information collection and application,1
Flowers and ornamental plants,1
Flower Physiology,1
Flower physiology,1
Flower crop breeding,1
Flower crop cultivation and management,1
Flower breeding and cultivation,1
Flower cultivation technique,1
Pathogenic mechanism and prevention of flower virus,1
Flower disease,1
Flower product processing,1
Flower design and other fields,1
Flower gardening,1
Floral decoration,1
Flowers and ornamental plants,1
Flower bed plant,1
Floral design,1
Floral design and application,1
Near-infrared spectroscopy in dairy quality,1
Study on active constituents of kumquat and kumquat,1
Long-term care diet,1
Non-pesticide control crop diseases,1
Non-thermal processing technology,1
Conservation,1
Conservation literature,1
Conservation fishery technology,1
Conservation genetics,1
Health function assessment,1
Health product development,1
Health food function,1
Health food technology,1
Health food action mechanism and molecular detection,1
Clinical research on health food treatment of various diseases,1
Evaluation of health food research and development and efficacy,1
Health food assessment and development,1
Health food development and evaluation,1
Health food functional analysis,1
Health product development,1
Health horticultural crop,1
Health functional food development and functional assessment,1
Protected area management,1
Tasting technology,1
Variety identification,1
Quality management,1
Urban and rural environmental planning,1
Houseplant,1
Autopsy internship,1
Modeling,1
Teaching promotion,1
politics,1
Citrus Huanglongbing and virus diseases,1
Toxicology,1
Active natural product synthesis,1
Epidemiology and clinical pathology,1
Rheology,1
Coral resources,1
Coral reef ecology,1
Rare and Wildlife Medicine,1
Vaccine development,1
Vaccine development and application,1
Basin analysis,1
Potted flowers and flowerbed plants,1
Potted flower,1
Research methods,1
Study insect dynamics,1
Study pathogenic genes and disease prevention strategies,1
Study the functionality of plant genes,1
Study-Assessing the Benefits of Exercise Supplements for Muscle Glucose Replenishment after Human Exercise,1
Research areas,1
Scientific papers and writing,1
scientific education,1
Penetrating electron microscopy,1
Physiology of mangrove forest,1
Food psychology,1
Food development,1
Embryo rescue technique,1
Embryo physiology and message transmission,1
Embryogenesis,1
Embryology,1
Flax antioxidant capacity,1
English speaking training,1
English natural pronunciation and KK phonetic and English conversation,1
Teaching English,1
English reading,1
Listening to English,1
Computing chemistry,1
Introduction to Computer,1
Heavy metal pollution investigation and analysis,1
Heavy metal toxicity and metabolism,1
Heavy metal adversity,1
Antihypertensive anti-free radical functional product development,1
Flavor chemistry,1
Risk assessment,1
Risk Management,1
Risk management and crisis management,1
Edible fat,1
Edible oil chemistry,1
Food nutrition and health care,1
food,1
Food (environment) poison,1
Food worker,1
Food engineering and processing technology research and development,1
Food industry fermentation,1
Food factory management practice,1
Food factory process planning management,1
Food Analysis Technology Development Food Analysis,1
Food analysis experiment,1
Food Chemistry and Analysis,1
Food and catering factory health management certification counseling,1
Food processing and research and development,1
Food processing and functional food development,1
Food processing unit operation,1
Food processing program troubleshooting and debugging,1
Food processing manufacturing process,1
Food processing machinery,1
Food processing,1
Research and development of food biotechnology,1
Food biotechnology,1
Food business strategy,1
Food safety system,1
Food safety regulations,1
Food safety research,1
Food safety special,1
Food safety assessment model,1
Food safety management,1
Food safety and hygiene,1
Food safety and hygiene and related regulations,1
Food coloring,1
Food marketing,1
Food freezing,1
Food oxidation resistance,1
Food emulsification technology,1
Food functional evaluation,1
Food evaluator,1
Food fat,1
Food physicochemical properties,1
Food property,1
Food physical chemistry,1
Food preservation technology,1
Food review,1
Food quality control and product development,1
Food poison test evaluation,1
Food interface chemistry,1
Food Science and Technology Japanese,1
food science,1
Food flavor,1
Food risk analysis,1
Food risk assessment,1
Food Spices and Aroma Chemistry,1
Food scent,1
Food flavoring,1
Food spice analysis and blending,1
Food consumption behavior,1
Food baked bread,1
Food industry economics,1
Food industry management,1
Food fermentation,1
Food storage and preservation,1
Food Microbiology and Biotechnology,1
Food microbiological examination,1
Food microbiological testing,1
Food business marketing,1
Food management,1
Food and immunity,1
Introduction to Food and Catering,1
Food and nutrition,1
Food preparation,1
Food enzyme,1
Food enzyme molecular technology,1
Food waste treatment,1
Food colloid,1
"Food hygiene and management, etc.",1
Food hygiene,1
Food texture analysis,1
Food functional ingredient activity,1
Food functional assessment,1
Food extrusion technology,1
Food inspection,1
Food inspection analysis and analysis of tea nutrient composition and sensory evaluation,1
Food Inspection Analysis and Physiological Efficacy of Medicinal Plant Components,1
Food inspection and analysis,1
Food nutrition and health care,1
Physiological activity of polysaccharides from edible and medicinal fungi,1
Food and medicine mushroom health ingredients,1
Spice chemistry,1
Spice research,1
Aroma and application,1
Herb science,1
Development and application of mushroom waste in wine production,1
Fragrance health care,1
Fragrant herb cultivation,1
Survival analysis,1
Native plant cultivation,1
Aboriginal ecology,1
Aboriginal tribe creation,1
Aboriginal tourism development,1
Raw material inspection,1
Tang Dynasty Yuefu Poetry,1
Set software,1
Biological control of pests,1
Pest control,1
Pest management,1
Furniture design and manufacturing,1
Furniture manufacturing,1
Livestock breeding,1
Livestock gametes,1
Livestock and poultry farming,1
Livestock genetics and breeding,1
Livestock nutrition and rearing,1
Development and utilization of poultry boneless meat,1
Poultry Physiology,1
Poultry management,1
The etiology of infectious diseases between poultry and ruminant infectious diseases and humans and animals,1
Poultry and livestock genetic breeding,1
Poultry nutrition,1
Garden Landscape Experiment and Simulation,1
Fields such as garden trees,1
Nuclear biochemical protection,1
Nucleic acid,1
Cultivation medium management,1
Cultivation system,1
Analysis of billiard sports,1
Climate change analysis,1
Air pressure control and ultrasonic detection of food quality,1
Planktonic biology,1
Marine fish and shellfish disease prevention,1
Seawater tank network aquaculture management,1
Marine chemistry,1
Separation of active constituents from marine and terrestrial natural products,1
Marine natural chemistry,1
Marine biochemistry,1
Marine biophysical ecology,1
Marine biology,1
Marine bioenvironment,1
Marine crustacean biodiversity,1
Marine geology,1
Marine organic chemistry,1
Ocean pollution,1
Marine affairs,1
Molecular biology of marine cnidaria and dinoflagellate,1
Marine poison research,1
Marine research institute,1
Marine zooplankton,1
Marine invertebrates,1
Marine fishery,1
Marine fishery,1
Marine fishery,1
oceanography,1
Marine environmental preservation,1
Translation and research of marine drugs,1
Sea feeding animal medicine,1
Sea and land environment survey,1
Marine environmental management,1
Seaweed physiological ecology,1
Seaweed resources survey,1
Seaweed,1
Digestive system,1
Digestive physiology,1
Digestive tract microorganism,1
Consumer Behavior,1
Baking technology and internship,1
Baked goods cake decoration,1
Baked food and beverage processing and manufacturing product management research and development,1
Baked goods bread cake pastry making,1
Baking Cake West Point Food,1
Baking and Pasta Making,1
Baking and Internship,1
Special use,1
Special application research,1
Special emphasis on intracellular messaging processes and mechanisms,1
Special environment forestry technology,1
Cultivation and utilization of special medicinal crops,1
Special medicinal crop science,1
Livestock production system simulation mode,1
Livestock pollution prevention,1
Livestock regulations,1
Animal product processing,1
Animal product processing science,1
Animal product protein chemistry,1
Application of livestock by-products,1
Livestock microbiology,1
Livestock management,1
Livestock and information,1
Livestock and poultry physiology and endocrine,1
Disease animal model,1
Disease pattern,1
Disease nutrition,1
Virus disease diagnosis,1
Discussion on pathogenic mechanism of pathogenic fungi,1
Pathogen rapid detection technology,1
Pathogen resistance test,1
Pathogen interaction with plants,1
Pathogenic microorganism detection,1
Pathology veterinary oncology,1
Vector insect,1
Vector vector disease,1
Morbid physiology,1
Probiotics,1
Probiotic health function and fermentation application,1
Probiotic development,1
Probiotic medical application,1
Fungal fruiting body extraction and antioxidant analysis,1
Fungal molecular diagnostics,1
Fungal molecular genetics,1
Fungal isolation and identification,1
Fungal biotechnology,1
Fungal ecology,1
Fungal photoreaction and reproductive physiology,1
Fungal phylogeny and systematics,1
Discussion on the molecular mechanism of fungal pathogenesis,1
Fungal disease,1
Fungal disease prevention and management,1
Fungal disease epidemiology,1
Fungal gene barcode,1
Fungal fermentation,1
Fungal evolution,1
Fungal digital collection,1
Fungal genetics and biotechnology,1
Neuroanatomy,1
Paper inspection practice,1
Vegetarian processing,1
Emergy analysis,1
Energy crop,1
Fat chemistry,1
Adipose tissue growth and regulation of adipocyte differentiation,1
Fatty nutrition,1
Lipid chemistry,1
fat metabolisim,1
Lipid biochemistry,1
Vertebrate zoology,1
Navigation,1
Tea quality evaluation,1
Tea making,1
Tea making and tea chemistry,1
Grassland ecological management,1
Lawn management and practice,1
Herbivorous insects and host relationship,1
Herbivore infectious diseases,1
Herbivore feeding management,1
aphid,1
Message theory,1
Message transfer oncology,1
Memory learning,1
Alcohol brewing technology,1
Equestrian industry management,1
Polymer,1
Transmitting of acid and ethylene in higher plant hormones,1
Higher Garden Product Processing,1
Golf course management,1
High pressure food processing,1
Research on health management model,1
Healthy food and health,1
By-product utilization,1
Animal endocrine,1
Animal biotechnology,1
Animal bioinformatics,1
Animal physiological and biochemical,1
Animal physiology,1
Animal physiology molecular genetics,1
Gene expression related to animal reproductive physiology and animal reproduction,1
Animal vaccines are not developed by adjuvants,1
Animal behavior,1
Animal behavior,1
Animal immunology,1
Animal breeding,1
Animal sex identification technology,1
Animal ethics,1
Animal climate physiology,1
Animal disease pattern,1
Animal pathology,1
Animal lipid,1
Utilization of animal by-products,1
Animal product chemistry,1
Animal product biochemistry,1
Animal product marketing,1
Animal product development,1
Animal product management,1
Animal product hygiene and safety,1
Zoo science,1
Fauna ecology,1
Animal resource management,1
Animal resource survey,1
Animal feeding management,1
Animal feeding and feed science,1
Animal welfare,1
Animal welfare science,1
Animal assisted reproductive technology,1
Zoology and physiology,1
Zoology internship,1
Animal genetic breeding,1
Animal genetics and breeding,1
Animal genetics,1
Animal nutrition and feed,1
Animal nutrition physiology,1
Animal reproduction endocrine,1
Animal hospital management,1
Animal pharmacology,1
Beer beverage brewing,1
National park management,1
National park management,1
National product post-harvest processing,1
National language teaching,1
international firms,1
International agriculture,1
International fishery,1
International negotiations,1
International food security,1
International relations,1
Genetic engineering technology,1
Gene therapy,1
Gene expression,1
Gene expression regulation,1
Gene gun transfer,1
Gene regulation and colonization,1
Genetic selection,1
Gene selection and application,1
Gene transfer and replication of animals,1
Gene transfer and detection,1
Basic animal medicine,1
Basic nutrition research,1
Basic environment,1
Host disease test,1
Expertise diet management,1
Panel discussion,1
Changes in storage and biochemistry and quality of meat after slaughter,1
Collapse remediation engineering design,1
Evergreen fruit tree,1
Scanning electron microscopy,1
purchase,1
Insect molecular systematics,1
Exploring the impact of insect ecology on environmental changes,1
Exploring the conversion of small molecule nucleic acids and insect infection patterns generated by insect viruses,1
Educational human resource management,1
Educational psychology,1
Educational administration,1
Education statistics,1
Teacher profession,1
Ethnic dynamics,1
Ethnic dynamics,1
Ethnic genetics,1
Fungicide,1
Insecticide toxicology,1
modern literature,1
Flower bulb,1
Flower bulb flower,1
Product technology research and development,1
Product development,1
Industrial management,1
Production and sales management,1
Cellular molecular biology,1
Cellular molecular immunology,1
Cell biology,1
Cell biotechnology,1
Cell biological activity analysis,1
Cell physiology,1
Cellular immunology,1
Cell culture,1
Cellular gene regulation,1
Cell and molecular biology,1
Cell and molecular physiology,1
Cell membrane protein,1
Cell membrane protein and vesicle transport mechanism,1
Cytology and occurrence biology,1
Cytogenetics,1
Bacterial and fungal genetics,1
Bacterial fish disease and immunity,1
Bacterial cellulose fermentation utilization,1
Bacterial pathogen,1
Discussion on the interaction between bacteria and plants,1
Bacterial kinship,1
Bacterial genetics,1
Tissue Engineering,1
Organization and mechanics,1
Tissue culture,1
Tissue culture,1
Organization management,1
Statistical application,1
Statistical genetics,1
deal with,1
Protein inhibitor application research,1
Protein chemistry,1
Protein and enzyme research,1
Protein biochemistry,1
Protein folding,1
Protein update,1
Protein expression and purification,1
Protein food,1
Protein design,1
Protein and enzyme,1
Protein saccharification machine,1
Egg product utilization technology,1
cake,1
Cake decoration,1
Facility planning management,1
Facility vegetables,1
Explore the effects of natural phytochemicals on antioxidants and drugs through cell and animal models,1
Management of fast food industry,1
Afforestation,1
Papermaking fiber,1
Gardening,1
Garden design,1
Garden design and construction,1
Landscape planning and design,1
Gardening environment planning,1
Urban pest biology and prevention,1
Wildlife biology,1
Wildlife conservation,1
Wildlife disease,1
Wildlife Ethnic Group Ecology and Research Methodology,1
Wildlife management,1
Wildlife medical,1
Terrestrial biogeochemistry,1
Fish disease immunity and environment,1
Fish exploration application,1
Fish school behavior,1
Fish and shrimp physiology,1
Fish taxonomy,1
Fish physiology,1
Fish physiology and biochemistry,1
Fish physiology,1
Fish physiology and ecology,1
Fish reproductive physiology,1
Fish ecology,1
Fish ecology,1
Fish immunization and vaccine,1
Fish immunology,1
Fish embryology,1
Fish virology and animal tissue culture,1
Fish neurophysiology,1
Fish population dynamics,1
Fish farming technology,1
Fish farming technical internship,1
Bird biology,1
Bird ecology and conservation,1
Bird sex identification,1
Ornithology,1
Antler production control,1
Discussion on the feelings of family members of trauma patients and their response strategies,1
Creative medium,1
Creative cooking,1
Labor economy,1
Unit operation,1
Monogastric zoology,1
Monoclonal antibody,1
Chitosan,1
Application of chitosan particles,1
Chitin enzyme to produce chitin hydrolysate,1
Application of chitin decomposing antagonistic bacteria,1
General biology,1
General geology,1
Landscape engineering,1
Landscape space planning,1
Landscape aesthetics and behavior,1
Landscape herb,1
Landscape planning and design,1
Landscape planning and design theory,1
Landscape Planning and Ecological Research,1
Landscape planning and design,1
Landscape planning and management maintenance,1
Landscape design and practice,1
Health benefits of landscape design,1
Landscape plant,1
Landscape botany,1
Landscape plant management and maintenance,1
Landscape recreation,1
Analysis of landscape recreation behavior,1
Landscape recreation study,1
Landscape greening plants,1
Landscape and health research trends,1
Landscape healing,1
Landscape change simulation and ecological assessment,1
Application of Intelligent Sensory Evaluation and Multivariate Analysis in Food Sensory Evaluation Technology,1
Intellectual property rights,1
Introduction to intellectual property rights,1
Optimized application,1
Forest soil and microbiology,1
Forest soil ecology,1
Forest soil ecology,1
Forest soil science,1
Forest and water conservation,1
Forest hydrology,1
Forest biodiversity,1
Forest biostatistics,1
Forest growth simulation,1
Forest physiology and ecology,1
Forest ecological physiology,1
Forest ecosystem ecology,1
Forest ecosystem nutrient cycling,1
Forest Biomass Energy Policy,1
Forest conservation,1
Forest policy and regulations,1
Forest health monitoring,1
Forest dynamics research,1
Forest planning,1
Forest landscape planning,1
Forest survey and aerial photography interpretation,1
Forest surveying,1
Forest management and management,1
Forest resource measurement and sampling,1
Forest resource evaluation,1
Forest resource management,1
Forest resource survey,1
Forest carbon sequestration assessment,1
Forest and human relations,1
Forest and environment,1
Forest quantity management,1
Forest environmental monitoring,1
Plant secondary metabolite,1
Plant small ribonucleic acid,1
Discussion on the mechanism of plant induced disease resistance,1
Plant molecular biology,1
Plant Molecular Biology and Physiology,1
Plant metabolomics,1
Plant growth and development,1
Plant growth and flowering physiology,1
Plant pigment,1
Molecular mechanism of plant immune response,1
Physiological mechanism of using trace elements in plants,1
Plant resistance molecular mechanism,1
Plant resistance molecular inheritance,1
Plant disease resistance,1
Plant stress resistance physiology and mechanism,1
Plant resistance mechanism,1
Molecular mechanism of plant defense response,1
Plant plankton,1
Plant active natural product application,1
Plant epidemics,1
Plant virus,1
Plant virus molecular detection technology research and development,1
Plant pathogenic fungi biology,1
Identification and characterization of plant pathogenic bacteria,1
Plant disease prevention,1
Plant disease diagnosis,1
Plant pathology bacteriology,1
Plant pathophysiology,1
Plant phosphorus deficiency stress physiology,1
Plant stress physiology,1
Plant stress physiology,1
Plant health management,1
Plant genome analysis,1
Plant genomics,1
Plant parasitology,1
Plant cell and tissue culture,1
Identification and disease diagnosis of plant bacterial pathogens,1
Molecular detection of plant bacterial diseases,1
Diagnosis and detection of bacterial diseases in plants,1
Plant tissue culture technique,1
Plant Tissue Culture and Biotechnology,1
Plant Tissue Culture and Genetic Engineering,1
Plant hormone,1
Molecular mechanism of action of plant hormones,1
Plant hormone cytokinin signaling is involved in the regulation mechanism involved in adversity,1
Plant flower physiology,1
Plant grafting technology and physiology,1
Plant anatomy,1
Plant resource survey,1
Plant provenance cryopreservation,1
Plant-insect interaction,1
Plant interaction with pathogens,1
Mechanism of symbiosis between plants and mycorrhizal fungi,1
Plant nematode biological control,1
Plant nematode,1
Plant inheritance,1
Plant genetics,1
Phytosanitary,1
Phytosanitary and disease control,1
Plant nutrition and soil fertility diagnosis,1
Plant environmental physiology,1
Plant environmental disease,1
Plant breeding technology internship,1
Plant breeding seedling production,1
Plant pest diagnosis and treatment practice,1
Plant transfer,1
Plant disease comprehensive management prevention and control law,1
Plant ecology research,1
Plant ecological survey,1
Plant ecology,1
Plant survey and analysis,1
Residual drug analysis,1
Shell processing,1
Invertebrate immunology,1
Invertebrate zoology,1
Inheritance of disease resistance of Chinese pepper,1
Study on the conservation of tree genetic diversity in the development of coastal environmental forest reforestation ecology,1
Fermentation biotechnology,1
Fermentation production technology,1
Evaluation of fermented milk functionality,1
Fermentation and brewing,1
Fermentation functional food development and application,1
Rare plant assessment,1
Program control,1
Structural equation model,1
Structural biology,1
Structural analysis and biological activity,1
Mushroom breeding and cultivation,1
"Diagnosis, Identification and Prevention of Mushroom Diseases",1
Mushroom culture and its functional ingredients,1
Mycorrhizal,1
Species preservation,1
Strain development,1
Bacterial breeding and cultivation,1
Development and utilization of bacillary resources and plant protection resources,1
Extraction and purification engineering,1
Focus on insect gene function,1
Assessment study,1
Hormon physiology,1
Ultrasonic diagnostics,1
Supercritical fluid application,1
Bloodsucking,1
Horticultural crop breeding,1
Rural recreation and landscape resources,1
Quantitative risk assessment,1
Flowering,1
Flowering regulation,1
Male learning,1
Food Culture,1
Dietary behavior,1
Dietary health management,1
Diet survey,1
Beverage modulation,1
Catalytic kinetics,1
Infectious disease epidemic,1
Traditional animal medicine,1
Traditional medicine,1
Hobby crop,1
Garden processing,1
Garden product processing,1
Garden product processing and new product development,1
Garden Product Processing,1
Garden product after harvesting,1
Post-harvest physiology of garden products,1
Garden products postharvest physiology and treatment,1
Garden product processing,1
Garden product processing technology and post-harvest physiology,1
Garden product processing,1
Garden processing,1
gardening,1
Horticultural crop breeding,1
Horticultural crop breeding,1
Horticultural crop stress physiology,1
Horticultural crop production,1
Horticultural crop seed production,1
Horticultural treatment activity design,1
Horticultural industry policy,1
Horticultural industry development,1
Horticultural phytochemistry,1
Horticultural plant physiology,1
Horticultural resource development,1
Horticulture,1
Stem cell differentiation regulation,1
Microorganisms and health foods,1
Functional screening of microbial secondary metabolites,1
Microbial genomics,1
Microbial industry application,1
Microbial cell message transmission,1
Microbial fermentation engineering,1
Microbiological diagnosis,1
Study on the interaction between microbial communities and diseases,1
Development and utilization of microbial oligosaccharides,1
Microbial enzyme development,1
Microbial inheritance,1
Microbial application and immune regulation,1
Microbial Detection,1
Application Research of Micro-Nano and Chinese Herbal Medicine Technology,1
Microwave and dehydration processing,1
Development of microwave microcapsules,1
Microwave food process simulation,1
Microlipid,1
Microdialysis,1
Sensory evaluation training,1
Sensor production,1
New product development,1
New product development food processing,1
Novel bakery food development and application,1
Emerging cut flower crop,1
Accounting,1
Stream ecology,1
Poultry meat product hygiene,1
Poultry meat processing,1
Poultry disease,1
Poultry processing,1
Water saving technology for agricultural applications,1
Management,1
Management and conservation of mammals,1
Cluster ecology,1
Brain wave,1
Tumor virology,1
Oncology,1
Gastrointestinal surgery,1
Gastrointestinal physiology,1
Intestinal microorganism,1
Development of high value-added products of groundnut,1
The mechanism of leaf plant disease,1
Study on Antioxidant Properties of Grapevine Tea,1
Research on production technology of bee products and plant pollination,1
Interpretation education,1
Laboratory diagnostic technique,1
ANALYSE information,1
IT in landscape applications,1
Information economy,1
Resource insect,1
Resource assessment,1
Resource management,1
Resource telemetry,1
Resource survey planning analysis,1
Jumping gene,1
Agrochemical,1
Farmland conservation,1
Rural planning and community building,1
Agricultural and forestry waste processing and utilization,1
Agricultural research,1
Discussion on the interaction between Agrobacterium and plants,1
Farm management,1
Rural development,1
Improved pest control technology for important pests in agricultural and horticultural crops,1
Agricultural chemistry,1
Agricultural ecology,1
Agricultural geography,1
Agricultural insect ecology,1
Agricultural entomology,1
Agricultural policy and economic specialties,1
Integrated management of agricultural pests,1
Agricultural tourism,1
agricultural economy,1
Agricultural management,1
Agricultural drugs,1
"Agronomy, etc.",1
Agronomic Crop Science Expertise and the Relationship of Soybean Species in Taiwan,1
Agronomic field,1
agronomy,1
Agronomic statistics method,1
pesticide,1
Recreational area planning,1
Recreational economics,1
Recreational resources marketing,1
Sports Physiology and Sports Nutrition,1
Sports training and leisure sports,1
Tyrosine inhibitor,1
Tyrosine purification and properties,1
Molecular diagnosis of Leptospira,1
Retail management,1
Electron microscopy,1
Electrochemistry,1
Electrochemical analysis,1
Electrophysiology,1
The application of computers in food technology,1
Computer application in food technology,1
Computer feed formula,1
Computer aided design processing,1
Computer application,1
Electromagnetic radiation environment survey,1
Electric display technology,1
Feeding breeding,1
Feed management,1
Feed crop,1
Feed crop science,1
Feed quality and control practices,1
"Feed ingredients, nutrient additives and manufacturing",1
Feed additive practice,1
Feed and bait,1
Feed manufacturing,1
Feed science,1
Feed nutrition,1
Feed nutrition and analysis,1
Feed nutrition,1
Feed microscopy,1
·IÀÔRelated substances research,1
Graphic theory,1
Group meal,1
Experimental animal,1
Laboratory animal technology,1
experimental design,1
Experimental design and analysis,1
Experimental design and statistical analysis,1
Regulation of b16 melanocytes,1
Capsule biology,1
Fishing gear improvement and design,1
Fishing gear and fishing law,1
Fishing sea state,1
Fishing equipment application,1
Fishery school,1
Fishery environment,1
Fishery environment and changes in fishing conditions,1
Fishery ecology,1
Common fishery management system,1
Fishery administration and management,1
Fisheries agreement,1
Fisheries regulations,1
Fishery oceanography,1
Fisheries law enforcement,1
Fishery mixed management,1
Fishery resource assessment,1
Fishery Instruments and Geographic Information System,1
Fishery acoustics,1
Fishery artificial breeding technology,1
Fishery gender regulation,1
evolution,1
Sleep physiology,1
Seed physiology,1
Seed physiology and storage conditioning technology,1
Seed pathology,1
Seed science,1
Seed reproduction and quality,1
Seedling technology and planting,1
Precision instrument analysis,1
Precision agriculture,1
Green Project,1
Green planting technology,1
Green analysis detects contaminants in food,1
Green base facility,1
Green roof design and benefit assessment,1
Green grass cultivation,1
Vitamin nutrition,1
Bee feeding management,1
Process innovation,1
Pulping,1
Mutation breeding,1
telemetry,1
Telemetry and low-altitude photography,1
Remote sensing detection and geographic information system,1
Offshore fishing,1
Distant hybridization,1
Enzyme technology and application,1
Enzyme engineering,1
Enzyme production technology,1
Enzyme production and utilization,1
Enzyme development and application,1
Enzyme application,1
Enzyme test,1
demand analysis,1
Biscuit implementation,1
Food application,1
Instrumental analysis experiment,1
Chromatography,1
Waste water treatment and recycling,1
Waste recycling,1
Waste treatment and recycling,1
Imaging diagnostics,1
Quantity afforestation,1
Quantity heritage,1
Risk assessment,1
Establishment of simulated base modified corn pollen drift mode,1
Wuhu Aquaculture,1
Tropical ecology,1
Tropical fruit resources and management,1
Tropical plant ecology research,1
Heat transfer,1
Rumen fermentation regulation,1
Rumen microorganism,1
Grain science,1
Grain Chemistry and Processing,1
Grain bulging processing,1
Colloidal dispersion system,1
Fruit and vegetable carving,1
Identification of fruits and vegetables and medicinal plants and food safety,1
Fruit and vegetable processing and internship,1
Vegetable juice processing,1
Vegetable and fruit fermentation new product development,1
vegetables,1
Vegetable and mushroom cultivation,1
Vegetable cultivation and seed collection,1
Vegetable cultivation and seed collection,1
Vegetable stress physiology,1
Vegetable Science and Cultivation,1
Nutritional Physiology and Flowering Physiology of Vegetables,1
Shrimp physiological immunity,1
Shrimp virology,1
Satellite oceanography,1
Conflict management,1
Course Design,1
Curriculum and teaching,1
Seasoning technology,1
Fragrance technology,1
"Pig disease, livestock reproductive physiology",1
Pig production medicine,1
Farm computer simulation,1
Pig body rating and meat processing,1
Fu literature,1
Qualitative education research,1
Sales staff management,1
Nutrient management,1
Aquaculture engineering,1
Farming biological disease prevention,1
Aquaculture water treatment,1
Development of probiotics for breeding,1
Farming and transportation,1
Bacterial anti-drug proteins and genes in farmed fish,1
Farming economics,1
Farming management,1
Aquaculture management,1
Aquaculture management,1
Gel technology,1
Student affairs,1
constitution,1
The ecology and classification of basidiomycetes,1
Tree classification,1
Tree medicine,1
Tree-ring ecology and forest dynamics,1
Functional membrane separation and concentration technology,1
Functional chemistry,1
Functional fat manufacturing,1
Functionality wins?,1
Functional food chemistry,1
Functional food ingredient development,1
Functional food development,1
Functional food preparation technology,1
Functional product development and production,1
Starch synthesis and sucrose transport regulation mechanism,1
Combustion / gasification technology,1
diabetes,1
Diabetic wound dressing,1
Candy processing,1
Dietary therapy,1
Dietary clinical nutrition combined with empirical medicine,1
Immune regulation of oyster mushrooms,1
Fusion tumor technology platform,1
Related topics such as geography and diversity,1
Radiation organism,1
Radioprotection,1
Selection theory,1
Genetic,1
Genetic engineering,1
Genetics and species,1
Genetic body,1
Genetic statistics,1
Genetic experiment,1
Cephalopod mimetic,1
Study on Hospitality Education and Teaching Assessment,1
Hospitality education research,1
Hospitality management,1
Catering innovation research,1
Catering entrepreneurship production,1
Catering development,1
Catering Health Inspection Practice,1
Filling conditioning,1
Dominant strain screening,1
Applied microbiology research,1
Application of microbial science and development and utilization of probiotics,1
Application language,1
Apply linear statistical mode,1
Extrusion technology,1
Wetland system,1
Nutritional analysis and physiology,1
Nutrient and gene expression,1
Nutritional chemistry,1
Nutritional,1
Nutrition science,1
Nutritionist professional development,1
In vitro and in vivo antioxidants of nutrients and food ingredients,1
Nutrient genome,1
Nutrition education,1
Nutrition and immunity,1
Nutrition and group diet management,1
Environmentally controlled agriculture,1
Environmental Chemistry,1
Environmental ecological method,1
Environmental ecology,1
Environmental geology,1
Environmental toxicology,1
Environmental measurement,1
Environmental communication,1
Environmental microorganism,1
Environmental microclimate,1
Environmental resource decision,1
Environmental resource assessment,1
Environmental resource economy,1
Environmental management,1
Environmental greening,1
Environment and animal production,1
Environmental Impact Assessment,1
Environmental sanitation,1
Environmental hygiene,1
Cancer biochemistry,1
Cancer screening / PET,1
Reproduction physiology,1
Reproductive disorders and obstetrics,1
Clinical biochemistry,1
Clinical immunology,1
Clinical research,1
Clinical nutrition,1
Glycobiology and saccharide structure analysis,1
Carbohydrate metabolism,1
Pigeon disease,1
Mucosal vaccine development,1
Translation Teaching and Business English Teaching,1
occupational health,1
Prediction of pest occurrence,1
Pest management,1
Transgenic detection,1
Translational medicine,1
medicine,1
Medical engineering,1
Medical related courses,1
Medical Genetics,1
Medical geography,1
medical insurance,1
Medical treatment,1
Weed seed germination,1
Weeds and herbicides,1
Pet professional medical and medical care,1
Endangered plant breeding,1
Veterinary public health and epidemiology,1
Veterinary public health,1
Veterinary surgery,1
Veterinary administration,1
Veterinary immunopathology,1
Veterinary radiology diagnostics,1
Veterinary regulations and ethics,1
Veterinary autopsy and disease identification,1
Veterinary virology immunology,1
Veterinary parasitology,1
Veterinary Parasitology and Internship,1
Veterinary bacteriology,1
Veterinary histology,1
Veterinary Ultrasound Diagnostics,1
Veterinary Anatomy Internship,1
Veterinary laboratory diagnostics and blood parasites,1
Veterinary diagnostic imaging,1
Veterinary genetics,1
Veterinary clinical diagnostics,1
Veterinary clinical microbiology,1
Industrial fermentation technology of medicinal fungi,1
Medicinal plants,1
Study on the physiological effects of medicinal plant ingredients,1
Cosmeceutical and food related regulations,1
medicine analysis,1
Pharmacokinetics,1
Drug residues and drug resistance,1
Drug development,1
Drug delivery system,1
Veterinary medicine in drug testing,1
Pharmacological resistance and drug residues,1
Pharmacology,1
Fermentation engineering,1
Fermented feed,1
Fermentation,1
Fermentation Internship,1
Mineral petrology,1
Mineral metabolism,1
mineralogy,1
Algae biotechnology,1
Algae physiological ecology,1
Algae extract application,1
Algae breeding,1
bread,1
pasta,1
Pasta processing and baked goods,1
Flour production and process design,1
Flour quality analysis and application,1
Orchid Technology,1
Orchid tissue culture,1
Orchidology,1
Orchid plant,1
Liver protection effect,1
Equity stakeholder participation,1
Identification and prevention,1
Mycology,1
Variation component analysis,1
Metamorphic rock geology,1
Study on the Functional Properties of Physicochemical Properties of Canned Coffee Milk and the Effect of Fruit Decomposition of Citrus Raw Material on Breakage Rate,1
Sightseeing and leisure,1
Tourism impact and quality of life,1
Leaf and flower tissue culture technology,1
Ornamental aquarium,1
Ornamental flowers and trees,1
Ornamental fish creature,1
Ornamental fish farming,1
Ornamental bird epidemiology,1
Ornamental plant,1
